Funder,Funder Link,2018,2019,2020,OverallAvailable
National Natural Science Foundation of China - cached,http://ir.nsfc.gov.cn/statement,49%,48%,48%,50%
US National Institutes of Health - cached,https://publicaccess.nih.gov/policy.htm,87%,87%,85%,88%
German Research Foundation - cached,https://www.dfg.de/formulare/2_012e/2_012e.pdf,73%,75%,81%,73%
US National Science Foundation - cached,https://www.nsf.gov/pubs/2015/nsf15052/nsf15052.pdf,85%,86%,86%,84%
European Commission - cached,https://erc.europa.eu/sites/default/files/document/file/ERC%20Open%20Access%20guidelines-Version%201.1._10.04.2017.pdf,85%,85%,86%,84%
Government of Spain - cached,https://www.boe.es/boe/dias/2011/06/02/pdfs/BOE-A-2011-9617.pdf,75%,76%,75%,75%
US Department of Energy - cached,https://www.osti.gov/pages/faqs#what-is-doe-public-access,88%,89%,88%,87%
Natural Sciences and Engineering Research Council of Canada - cached,http://www.science.gc.ca/eic/site/063.nsf/eng/h_F6765465.html,69%,68%,67%,69%
US Department of Defense - cached,https://www.esd.whs.mil/Portals/54/Documents/DD/issuances/dodi/320012p.pdf?ver=2018-12-17-130508-423,79%,79%,80%,78%
"Department of Science & Technology, India - cached",http://www.dst.gov.in/sites/default/files/APPROVED%20OPEN%20ACCESS%20POLICY-DBT%26DST%2812.12.2014%29_1.pdf,52%,49%,48%,53%
Swiss National Science Foundation - cached,http://www.snf.ch/SiteCollectionDocuments/snsf-general-implementation-regulations-for-the-funding-regulations-e.pdf,87%,86%,88%,85%
Chinese Academy of Sciences - cached,http://english.cas.cn/resources/archive/news_archive/nu2014/201502/t20150217_140703.shtml,58%,57%,57%,59%
Canadian Institutes of Health Research - cached,http://www.science.gc.ca/eic/site/063.nsf/eng/h_F6765465.html,75%,74%,77%,76%
UK Engineering and Physical Sciences Research Council - cached,https://www.ukri.org/wp-content/uploads/2020/10/UKRI-020920-OpenAccessPolicy.pdf,92%,91%,90%,88%
Australian Research Council - cached,https://www.arc.gov.au/policies-strategies/policy/arc-open-access-policy-version-20171,76%,74%,70%,74%
Government of Italy - cached,https://www.gazzettaufficiale.it/atto/serie_generale/caricaArticolo?art.progressivo=0&art.idArticolo=4&art.versione=1&art.codiceRedazionale=13G00135&art.dataPubblicazioneGazzetta=2013-08-09&art.idGruppo=1&art.idSottoArticolo1=10&art.idSottoArticolo=1&art.flagTipoArticolo=0,75%,75%,76%,76%
"Fundação para a Ciência e a Tecnologia, Portugal - cached",https://www.fct.pt/documentos/PoliticaAcessoAberto_Publicacoes.pdf,73%,72%,72%,73%
US National Aeronautics and Space Administration - cached,https://www.nasa.gov/sites/default/files/atoms/files/206985_2015_nasa_plan-for-web.pdf,84%,84%,82%,83%
Swedish Research Council - cached,https://www.vr.se/english/applying-for-funding/requirements-terms-and-conditions/publishing-open-access.html,84%,84%,89%,83%
Wellcome Trust - cached,http://www.wellcome.ac.uk/About-us/Policy/Policy-and-position-statements/WTD002766.htm,94%,94%,93%,92%
"National Institute for Health Research, UK - cached",https://www.nihr.ac.uk/documents/nihr-open-access-policy/12251,93%,90%,90%,89%
UK Medical Research Council - cached,https://www.ukri.org/wp-content/uploads/2020/10/UKRI-020920-OpenAccessPolicy.pdf,92%,91%,91%,90%
Research Foundation (Flanders) - cached,https://www.fwo.be/en/general-regulations/,85%,84%,83%,79%
"Federal Ministry of Education and Research, Germany - cached",https://www.bmbf.de/upload_filestore/pub/Open_Access_in_Deutschland.pdf,73%,74%,79%,76%
Austrian Science Fund - cached,https://www.fwf.ac.at/en/research-funding/open-access-policy/,90%,90%,90%,87%
"National Health and Medical Research Council, Australia - cached",https://www.nhmrc.gov.au/file/15242/download?token=rgNjnh0B,78%,76%,74%,77%
US Department of Agriculture - cached,https://www.usda.gov/sites/default/files/documents/USDA-Public-Access-Implementation-Plan.pdf,82%,84%,83%,82%
Agence Nationale de la Recherche - cached,https://anr.fr/fileadmin/documents/2019/anr_depliant_science_ouverte_GB_100x210_final.pdf,-,87%,89%,85%
Government of Argentina - cached,https://www.argentina.gob.ar/normativa/nacional/ley-26899-223459/texto,76%,72%,70%,74%
Netherlands Organisation for Scientific Research - cached,/mandates/nwo_nl-2018-01-28-en.pdf,89%,89%,91%,89%
US Centers for Disease Control and Prevention - cached,https://stacks.cdc.gov/view/cdc/28657/cdc_28657_DS1.pdf,79%,79%,79%,80%
"Research Grants Council, Hong Kong - cached",https://www.ugc.edu.hk/doc/eng/rgc/form/DAMA202006.pdf,61%,59%,57%,61%
Research Council of Norway - cached,/mandates/rcn_no-2018-09-05-en.pdf,84%,86%,87%,83%
Academy of Finland - cached,https://www.aka.fi/en/research-funding/apply-for-funding/how-to-apply-for-funding/az-index-of-application-guidelines2/open-science/,86%,89%,88%,84%
"Department of Biotechnology, India - cached",http://www.dst.gov.in/sites/default/files/APPROVED%20OPEN%20ACCESS%20POLICY-DBT%26DST%2812.12.2014%29_1.pdf,64%,61%,61%,66%
"National Institute of Health and Medical Research, France - cached",https://www.hal.inserm.fr/public/OAcontratsEU2016_actualisation_janvier_2018.pdf,79%,86%,87%,81%
Science Foundation Ireland - cached,https://www.sfi.ie/resources/open-access-dec-10.pdf,83%,83%,83%,83%
UK Biotechnology and Biological Sciences Research Council - cached,https://www.ukri.org/wp-content/uploads/2020/10/UKRI-020920-OpenAccessPolicy.pdf,94%,94%,94%,92%
US Department of Veterans Affairs - cached,https://www.research.va.gov/resources/policies/public_access.cfm,79%,78%,76%,78%
Howard Hughes Medical Institute - cached,https://hhmicdn.blob.core.windows.net/policies/Public-Access-to-Publications,91%,93%,91%,90%
UK Science and Technology Facilities Council - cached,https://www.ukri.org/wp-content/uploads/2020/10/UKRI-020920-OpenAccessPolicy.pdf,96%,96%,95%,95%
UK Economic and Social Research Council - cached,https://www.ukri.org/wp-content/uploads/2020/10/UKRI-020920-OpenAccessPolicy.pdf,89%,88%,88%,86%
UK Natural Environment Research Council - cached,https://www.ukri.org/wp-content/uploads/2020/10/UKRI-020920-OpenAccessPolicy.pdf,95%,93%,91%,92%
Bill & Melinda Gates Foundation - cached,https://www.gatesfoundation.org/How-We-Work/General-Information/Open-Access-Policy,92%,92%,92%,91%
Hungarian Scientific Research Fund - cached,/mandates/otka_hu-2018-01-28-hu.pdf,82%,81%,89%,80%
Cancer Research UK - cached,https://www.cancerresearchuk.org/sites/default/files/policy_on_open_access.pdf,93%,92%,93%,87%
"Social Sciences and Humanities Research Council, Canada - cached",http://www.science.gc.ca/eic/site/063.nsf/eng/h_F6765465.html,69%,69%,65%,68%
Helmholtz Association - cached,https://os.helmholtz.de/open-science-in-der-helmholtz-gemeinschaft/open-access-richtlinien/open-access-richtlinie-der-helmholtz-gemeinschaft-2016/open-access-policy-of-the-helmholtz-association-2016/,79%,81%,82%,80%
"National Research Foundation, South Africa - cached",https://www.nrf.ac.za/sites/default/files/documents/oastatement_2015.pdf,74%,73%,71%,74%
Danish Council for Independent Research - cached,https://dff.dk/en/about-us/goals-and-policies/open-access-policy,84%,82%,81%,80%
UK Research & Innovation - cached,https://www.ukri.org/wp-content/uploads/2020/10/UKRI-020920-OpenAccessPolicy.pdf,85%,85%,87%,85%
Fonds de recherche du Québec - Santé - cached,http://www.frqs.gouv.qc.ca/documents/11314/530072/Policy+regarding+open+access+to+published+research+outputs.pdf,75%,74%,76%,76%
British Heart Foundation - cached,https://www.bhf.org.uk/research/research-grants/managing-your-grant/open-access-policy.aspx,94%,91%,92%,87%
US Department of Education - cached,https://ies.ed.gov/funding/pdf/EDPlanPolicyDevelopmentGuidanceforPublicAccess.pdf,66%,66%,63%,65%
US National Oceanic and Atmospheric Administration - cached,https://www.glerl.noaa.gov/review2016/reviewer_docs/NOAA_PARR_Plan_v5.04.pdf,87%,87%,84%,86%
"National Fund for Scientific Research, Belgium - cached",https://www.frs-fnrs.be/docs/Reglement_OPEN_ACCESS_EN.pdf,87%,90%,89%,86%
American Heart Association - cached,https://professional.heart.org/en/research-programs/aha-research-policies-and-awardee-hub/open-science-policy-statements-for-aha-funded-research,87%,86%,85%,86%
Royal Society UK - cached,https://royalsociety.org/grants-schemes-awards/grants/about-grants/,87%,86%,85%,86%
US Food and Drug Administration - cached,https://www.fda.gov/media/90883/download,72%,72%,72%,71%
"Department of International Development, UK - cached",https://assets.publishing.service.gov.uk/government/uploads/system/uploads/attachment_data/file/181176/DFIDResearch-Open-and-Enhanced-Access-Policy.pdf,91%,92%,90%,90%
Indian Council of Agricultural Research - cached,http://eprints.cmfri.org.in/9665/1/Open_Access_Policy_of_ICAR.pdf,75%,72%,70%,75%
Slovenian Research Agency - cached,https://www.gov.si/assets/ministrstva/MIZS/Dokumenti/ZNANOST/Strategije/National-strategy-of-open-access-to-scientific-publications-and-research-data-in-Slovenia-2015-2020.pdf,73%,75%,77%,75%
Netherlands Organisation for Health Research and Development - cached,https://www.zonmw.nl/fileadmin/zonmw/documenten/Gezondheidsbescherming/Open_Access/Open_Access_Policy_ZonMw_2021..pdf,88%,87%,91%,87%
"Swedish Research Council for Environment, Agricultural Sciences and Spatial Planning - cached",/mandates/formas_se-2018-01-28-en.pdf,83%,84%,88%,83%
Hungarian Academy of Sciences - cached,http://real.mtak.hu/eprints/mandate.html,82%,87%,89%,85%
Knut and Alice Wallenberg Foundation - cached,https://kaw.wallenberg.org/en/funding-guide/grant-policy,88%,89%,92%,89%
Danish National Research Foundation - cached,https://www.dg.dk/filer/fonden/open_access/Final%20Open%20Access%20policy%20English.pdf,88%,88%,86%,87%
US Geological Survey - cached,https://prd-wret.s3.us-west-2.amazonaws.com/assets/palladium/production/atoms/files/USGS-PublicAccessPlan-APPROVED-v1-03.pdf,83%,81%,76%,80%
"Ministry of Education, Science and Technological Development of the Republic of Serbia - cached",http://open.ac.rs/svevesti/87328781babfe70aad60429fad8f4feb/Open-Science-Policy-Serbia.pdf,67%,75%,73%,75%
"National Research Foundation, Singapore - cached",https://www.nrf.gov.sg/docs/default-source/default-document-library/annex-a---general-template-of-tncs-for-competitive-grants.pdf,69%,70%,71%,69%
"A*Star, Singapore - cached",https://www.a-star.edu.sg/docs/librariesprovider1/default-document-library/research/funding-opportunities/astar-grants-terms-and-conditions-2020.pdf,68%,68%,67%,68%
US National Institute of Standards and Technology - cached,https://www.nist.gov/system/files/documents/2018/06/19/final_pr_5702.01_0.pdf,83%,83%,82%,82%
Fraunhofer-Gesellschaft - cached,https://www.fraunhofer.de/content/dam/zv/en/documents/OpenAccessPolicy_tcm63-828.pdf,60%,64%,71%,62%
"Swedish Council for Health, Labor and Welfare - cached",/mandates/forte_se-2018-01-28-en.pdf,81%,83%,86%,81%
US Agency for Healthcare Research and Quality - cached,https://www.ahrq.gov/funding/policies/publicaccess/,73%,73%,71%,72%
US Department of Transportation - cached,https://www.transportation.gov/sites/dot.gov/files/docs/Official%20DOT%20Public%20Access%20Plan%20ver%201.1.pdf,76%,74%,71%,75%
US Environmental Protection Agency - cached,https://www.epa.gov/sites/production/files/2016-12/documents/epascientificresearchtransperancyplan.pdf,77%,77%,75%,76%
Genome Canada - cached,https://www.genomecanada.ca/sites/default/files/pdf/en/AccessResearchPublicationsPolicy.pdf,82%,84%,84%,83%
Smithsonian Institution - cached,http://public.media.smithsonianmag.com/file_upload_plugin/1f143b54-a9f9-4746-bef5-1c76151e3c7a.pdf,88%,86%,86%,86%
Scientific and Technological Research Council of Turkey - cached,https://acikveri.ulakbim.gov.tr/wp-content/uploads/2019/03/TUBITAK-Open-Sciency-Policy.pdf,-,-,64%,62%
UK Arts & Humanities Research Council - cached,https://www.ukri.org/wp-content/uploads/2020/10/UKRI-020920-OpenAccessPolicy.pdf,83%,79%,79%,77%
US Agency for International Development - cached,https://www.usaid.gov/sites/default/files/documents/15396/USAID_PublicAccessPlan.pdf,88%,85%,86%,86%
World Health Organization - cached,/mandates/who_2018-01-28.pdf,86%,87%,89%,87%
Heart and Stroke Foundation of Canada - cached,https://www.heartandstroke.ca/-/media/research/docs/heart--stroke--open-access-to-research-outputs-policy--guidelines.ashx?rev=d2ab8ccd46e8414485b435eca99939c6,73%,73%,74%,74%
US Institute of Education Sciences - cached,https://ies.ed.gov/funding/researchaccess.asp,78%,78%,73%,76%
John D. and Catherine T. MacArthur Foundation - cached,https://www.macfound.org/about/our-policies/intellectual-property/,82%,81%,80%,82%
"Chief Scientist Office, Scottish Executive - cached",https://www.cso.scot.nhs.uk/outputs/cso-open-access-policy/,93%,92%,91%,82%
CGIAR - cached,https://cgspace.cgiar.org/bitstream/handle/10947/4488/Open%20Access%20Data%20Management%20Policy.pdf?sequence=1&isAllowed=y,88%,89%,92%,89%
Fondazione Telethon - cached,https://www.telethon.it/en/what-we-do/supporting-research-and-patients/supporting-research/open-access/open-access-policy/,80%,83%,84%,83%
Human Frontier Science Program - cached,https://www.hfsp.org/sites/default/files/HFSP-OA-04042014_3.pdf,89%,90%,90%,88%
Volkswagen Foundation - cached,https://www.volkswagenstiftung.de/sites/default/files/downloads/funding_principles_2014.pdf,74%,78%,80%,78%
Irish Research Council - cached,https://research.ie/assets/uploads/2017/05/IRC_Open_Access_Policy_Final.pdf,74%,74%,76%,75%
Innovation Fund Denmark - cached,https://innovationsfonden.dk/sites/default/files/2019-02/gs19_open-access-policy-for-public-research-councils-and-foundations.pdf,74%,76%,70%,72%
Finnish Funding Agency for Innovation - cached,/mandates/tekes_fi-2018-01-28-fi.pdf,72%,81%,83%,69%
"Versus Arthritis, UK - cached",https://www.versusarthritis.org/research/information-for-researchers/information-for-research-award-holders/open-access-and-travel-support/,94%,92%,91%,84%
"National Office for Research, Development and Innovation, Hungary - cached",https://nih.gov.hu/download.php?docID=31469,88%,89%,92%,90%
Gordon and Betty Moore Foundation - cached,https://www.moore.org/docs/default-source/Grantee-Resources/open-access-policy-2017.pdf,91%,91%,92%,91%
Dutch Cancer Society - cached,https://www.kwf.nl/onderzoek/financieringsinformatie/open-access,86%,88%,91%,87%
Fondazione Cariplo - cached,http://www.fondazionecariplo.it/static/upload/pol/policy_open_access_en.pdf,73%,78%,79%,75%
"National Medical Research Council, Singapore - cached",https://www.nmrc.gov.sg/docs/default-source/policies-and-guidelines-library/nmrc-research-grant-terms-and-conditions55c115a14a90471a8c38c925765fe8df.pdf,78%,79%,79%,78%
Villum Foundation - cached,https://veluxfoundations.dk/en/open-acces-engelsk,87%,88%,85%,85%
Danish Council for Strategic Research - cached,https://www.dg.dk/filer/fonden/open_access/Final%20Open%20Access%20policy%20English.pdf,75%,72%,74%,72%
"International Development Research Centre, Canada - cached",https://www.idrc.ca/en/open-access-policy-idrc-funded-project-outputs,87%,81%,83%,84%
Swiss Cancer League - cached,https://www.krebsforschung.ch/forschungsfoerderung/wie-reiche-ich-ein-forschungsgesuch-ein/-dl-/fileadmin/downloads/forschungsfoerderung/information-sheet-grants-KFS.pdf,84%,88%,89%,85%
Belgian Science Policy Office - cached,https://www.belspo.be/belspo/openscience/POLICY/StratOA20171220_Combo_en.pdf,87%,89%,88%,88%
State of Califonia - cached,https://leginfo.legislature.ca.gov/faces/billPdf.xhtml?bill_id=201720180AB2192&version=20170AB219293CHP,-,81%,80%,80%
"Health Research Board, Ireland - cached",https://www.hrb.ie/fileadmin/1._Non-plugin_related_files/RSF_files/Policies_and_principles/Grant_Policies/HRB_Policy_on_Open_Access.pdf,79%,81%,83%,80%
Juvenile Diabetes Research Foundation - cached,https://grantcenter.jdrf.org/information-for-awardees/admin-resources/,88%,85%,85%,87%
Patient-Centered Outcomes Research Institute - cached,https://www.pcori.org/sites/default/files/PCORI-Policy-Public-Access-to-Journal-Articles-Presenting-Findings-from-PCORI-funded-Research.pdf,75%,73%,73%,74%
Royal Netherlands Academy of Arts and Sciences - cached,https://knaw.nl/en/topics/openscience/open-publications/open-access-dos-and-donts-for-knaw-researchers,89%,90%,88%,87%
Ford Foundation - cached,https://www.fordfoundation.org/the-latest/news/ford-foundation-expands-creative-commons-licensing-for-all-grant-funded-projects/,77%,69%,78%,72%
Doris Duke Charitable Foundation - cached,https://www.ddcf.org/globalassets/medicalresearch/ddcf-med-research-policies-guidelines.pdf,87%,87%,88%,87%
Canadian Cancer Society - cached,https://www.cancer.ca/en/research/policies-and-administration/policies/open-access-policy/,76%,77%,74%,77%
Research Council of Lithuania - cached,https://www.e-tar.lt/rs/legalact/dceeeb10e05711e59cc8b27b54efaf6e/format/ISO_PDF/,65%,69%,72%,69%
Dutch Heart Foundation - cached,https://www.hartstichting.nl/getmedia/2b910f91-e4b9-4019-aff9-7e9a9b4bcccb/subsidievoorwaarden-hartstichting-2016.pdf,91%,88%,90%,89%
Luxembourg National Research Fund - cached,https://storage.fnr.lu/index.php/s/9k72EH61fXGL9oX/download,80%,85%,86%,85%
Danish Council for Technology and Innovation - cached,https://www.dg.dk/filer/fonden/open_access/Final%20Open%20Access%20policy%20English.pdf,74%,75%,69%,70%
AIRC Foundation for Cancer Research in Italy - cached,https://www.direzionescientifica.airc.it/wp-content/uploads/2020/01/Open_access_statement_En.pdf,-,89%,84%,84%
"Academy of Medical Sciences, UK - cached",https://acmedsci.ac.uk/file-download/38304-57dbc41c3335b.pdf,84%,82%,85%,85%
Fonds de recherche du Québec - Nature et technologies - cached,http://www.frqs.gouv.qc.ca/documents/10191/539200/Politique-libre-acces_EN_avril19.pdf/11c5654e-c748-4065-8208-b74ccff9cd8f,-,69%,68%,69%
US Department of Homeland Security - cached,https://www.dhs.gov/sites/default/files/publications/DHS%20Public%20Access%20Plan%20-%20FINAL_161229-508.pdf,75%,75%,75%,74%
"Leducq Foundation, USA - cached",https://www.fondationleducq.org/wp-content/uploads/2016/06/Leducq-Research-Agreement-2016-A4.pdf,87%,92%,93%,90%
European Molecular Biology Laboratory - cached,https://www.embl.de/services/library/open-access-information/open-access-at-embl/IP-66-EMBL-Open-Access-Policy.pdf,93%,94%,92%,91%
Robert Wood Johnson Foundation - cached,https://www.rwjf.org/en/about-rwjf/our-policies/policy-for-open-access.html,-,74%,76%,69%
Bank of Sweden Tercentenary Foundation - cached,https://www.rj.se/en/about-rj2/work-methods/guidelines-for-open-access/,84%,85%,84%,78%
Icelandic Centre for Research - cached,https://en.rannis.is/activities/open-access/,73%,77%,76%,74%
Leibniz Association - cached,https://www.leibniz-gemeinschaft.de/fileadmin/user_upload/Bilder_und_Downloads/Forschung/Open_Science/Open_Access_Policy_web.pdf,81%,84%,88%,83%
"Higher Education Authority, Ireland - cached",https://enterprise.gov.ie/en/Publications/Publication-files/National-Framework-on-the-Transition-to-an-Open-Research-Environment.pdf,72%,71%,79%,74%
Michael Smith Foundation for Health Research - cached,https://www.msfhr.org/sites/default/files/2016_Scholar_Conditions_of_Award.pdf,79%,71%,72%,74%
"Autism Speaks Inc, USA - cached",https://www.autismspeaks.org/sites/default/files/2018-09/treatment-grant-request-for-applications.pdf,78%,81%,76%,82%
"Cancer Prevention Research Institute of Texas, USA - cached",https://www.cprit.state.tx.us/media/2030/policy_and_procedure_guide_062019.pdf,-,90%,90%,88%
Hewlett Foundation - cached,https://www.hewlett.org/helping-good-ideas-go-further/,87%,86%,84%,86%
Alzheimers's UK - cached,https://www.alzheimers.org.uk/sites/default/files/2020-10/AS_open-access-policy.pdf,94%,93%,94%,93%
US Office of the Director of National Intelligence - cached,https://www.iarpa.gov/images/files/Documents/ODNI%20Public%20Access%20Plan_Sept%202016.pdf,88%,85%,90%,87%
Business Finland - cached,https://www.businessfinland.fi/globalassets/finnish-customers/01-funding/04-research-organization/business_finland_requires_open_science_020218.pdf,78%,84%,83%,84%
Canada First Research Excellence Fund - cached,http://www.science.gc.ca/eic/site/063.nsf/eng/h_F6765465.html,77%,72%,75%,75%
Carlsberg Foundation DK - cached,https://www.carlsbergfondet.dk/en/Grant-holder/Politikker/Open-Access-policy,80%,81%,80%,80%
Ontario Institute for Cancer Research - cached,http://www.science.gc.ca/eic/site/063.nsf/eng/h_F6765465.html,86%,86%,83%,80%
"Department of Agriculture, Food and the Marine, Ireland - cached",https://assets.gov.ie/118822/f83a8ab4-dd0d-4f0e-940f-ecb2700a6759.pdf,88%,86%,89%,83%
"Stroke Association, UK - cached",https://www.stroke.org.uk/sites/default/files/form_pg6_project_grant_conditions_of_award_2015_16_1.pdf,60%,78%,86%,71%
Chan Zuckerberg Initiative - cached,https://chanzuckerberg.com/science/our-values-approach/,-,95%,91%,89%
Damon Runyon Cancer Research Foundation - cached,https://www.damonrunyon.org/sites/default/files/Frey%20Award%20Statement%20-%20June%202019_3.pdf,90%,93%,90%,92%
Diabetes UK - cached,https://www.diabetes.org.uk/resources-s3/2017-09/policy%2520-%2520open%2520access%2520-%2520nov%25202014.docx,91%,89%,90%,90%
Parkinson's UK - cached,https://www.parkinsons.org.uk/sites/default/files/2020-11/Open%20Access%20policy%20and%20FAQs%20November%202020%20%281%29.pdf,89%,90%,89%,83%
Swedish Foundation for Strategic Environmental Research - cached,https://www.mistra.org/en/about-mistra/how-we-work/,85%,79%,85%,80%
Michael J Fox Foundation - cached,https://www.michaeljfox.org/sites/default/files/media/document/MJFF%20Open%20Access%20Publication%20Policy_0.pdf,-,-,80%,77%
Swedish Environmental Protection Agency - cached,http://www.swedishepa.se/upload/stod-i-miljoarbetet/forskare-och-granskare/granska-ansokningar/instructions-for-applicants-prisma-2020-final.pdf,81%,87%,87%,82%
"Cancer Research Institute, USA - cached",https://www.cancerresearch.org/CRI/media/PDF-Content/CLIP-Terms-and-Conditions.pdf,85%,85%,84%,85%
"AXA Research Fund, France - cached",https://arfv2.cdn.axa-contento-118412.eu/arfv2%2Fa29a5cf8-3514-4e98-a756-e89d277c4a25_open+acess+policy.pdf,85%,89%,87%,87%
"V Foundation, USA - cached",https://www.v.org/wp-content/uploads/2015/02/Public-Access-Policy-TVF.pdf,92%,94%,93%,93%
"Parkinson's Foundation, USA - cached",https://www.parkinson.org/research/Grant-Opportunities/Public-Access-Policy,76%,74%,79%,76%
US Administration for Community Living - cached,https://www.acl.gov/sites/default/files/about-acl/2017-06/ACL-PublicAcccessPlan-UpdatedJune2017.pdf,66%,59%,64%,63%
"Dunhill Medical Trust, UK - cached",https://dunhillmedical.org.uk/wp-content/uploads/2016/12/OA-policy_July14.pdf,95%,88%,97%,87%
Wellcome Trust/DBT India Alliance - cached,https://indiaalliance.s3.ap-south-1.amazonaws.com/erhvbdkdymcpovk1596526960856.pdf,85%,87%,87%,84%
Danish National Advanced Technology Foundation - cached,https://www.dg.dk/filer/fonden/open_access/Final%20Open%20Access%20policy%20English.pdf,60%,81%,81%,66%
Arnold Ventures LLC - cached,https://www.arnoldventures.org/guidelines-for-investments-in-research/,-,-,75%,69%
"Ministry of Health, Singapore - cached",https://www.moh.gov.sg/docs/librariesprovider5/research-grants/terms-and-conditions-of-a-competitive-grant_tcmrg-(jan-2017).pdf,79%,80%,86%,82%
"Breast Cancer Now, UK - cached",https://breastcancernow.org/sites/default/files/revised_bcn_open_access_policy_sept_16_0.pdf,96%,93%,93%,92%
Blood Cancer UK - cached,https://bloodcancer.org.uk/research/open-access/,92%,93%,91%,92%
Nordforsk - cached,https://www.nordforsk.org/sites/default/files/documents/2020/Standard%20Terms%20and%20Conditions.pdf,-,85%,82%,83%
Marianne and Marcus Wallenberg Foundation - cached,https://mmw.wallenberg.org/en/funding-guide,80%,84%,86%,84%
"Worldwide Cancer Research, UK - cached",https://www.worldwidecancerresearch.org/media/1589/20191001openaccesspolicyfinal.pdf,83%,89%,90%,87%
Fonds de recherche du Quebec Societe et culture - cached,http://www.frqs.gouv.qc.ca/documents/10191/539200/Politique-libre-acces_EN_avril19.pdf/11c5654e-c748-4065-8208-b74ccff9cd8f,-,63%,73%,70%
African Academy of Sciences - cached,https://www.aasciences.africa/policies/open-access-and-publishing-policy,-,-,94%,93%
"Health Data Research, UK - cached",https://www.hdruk.ac.uk/about-us/policies/open-access-statement/,96%,93%,97%,96%
"Motor Neurone Disease Association, UK - cached",https://www.mndassociation.org/research/for-researchers/resources-for-researchers/europe-pmc-open-access/,91%,91%,92%,88%
"Florida Department of Health, USA - cached",http://www.floridahealth.gov/provider-and-partner-resources/research/Grant%20Manual%20FINAL.pdf,86%,89%,81%,83%
Prostate Cancer Canada - cached,https://www.prostatecancer.ca/Research/Grants-and-Awards-Guide/Policies-for-Research-Grants-and-Awards,67%,75%,67%,74%
"Arcadia Fund, UK - cached",https://www.arcadiafund.org.uk/open-access-digital-preservation-policy,78%,85%,77%,78%
"Medical Research Future Fund, Australia - cached",https://business.gov.au/-/media/grants-and-programs/mrff-atsmb/mrff-atsmb-grant-opportunity-guidelines-pdf.ashx,84%,71%,76%,76%
Multiple Sclerosis Society of Canada - cached,https://mssociety.ca/library/document/Ue1EAmktGxz6lyHgFKhfQSD3LXsnqVdO/original.pdf,64%,66%,64%,68%
"Environmental Protection Agency, Ireland - cached",http://www.epa.ie/pubs/reports/research/opencalls/currentcalldocuments/EPA_Research_2019_Call_-_Guide_for_Grantees.pdf,72%,81%,79%,77%
Canadian Foundation for Healthcare Improvement - cached,/mandates/cfhi_ca-2018-01-28-en.pdf,87%,78%,67%,78%
"Yorkshire Cancer Research, UK - cached",https://www.yorkshirecancerresearch.org.uk/perch/resources/admin/policies-for-awards-2021-final.pdf,99%,99%,90%,93%
"Multiple Sclerosis Society, UK - cached",https://www.mssociety.org.uk/sites/default/files/2020-09/Award-conditions-and-policies.pdf,86%,92%,91%,86%
Swiss Cancer Foundation - cached,https://www.krebsforschung.ch/forschungsfoerderung/wie-reiche-ich-ein-forschungsgesuch-ein/-dl-/fileadmin/downloads/forschungsfoerderung/information-sheet-grants-KFS.pdf,87%,86%,85%,85%
"Lymphoma Research Foundation, USA - cached",https://lymphoma.org/wp-content/uploads/2018/05/LRF-Master-Policy-TC-Research-Grants-generic-2019.pdf,91%,87%,84%,90%
"Pancreatic Cancer Action Network, USA - cached",https://www.pancan.org/wp-content/uploads/2014/04/Public-Access-Publication-Policy.pdf,92%,92%,87%,90%
Champalimaud Foundation - cached,http://neuro.fchampalimaud.org/media/cms_page_media/692/027.%20Open%20Access%20Policy_4June2015_1.pdf,90%,82%,82%,87%
Alex's Lemonade Stand - cached,https://www.alexslemonade.org/sites/default/files/images/2020/alsf_resource_sharing_policy.pdf,-,-,89%,81%
US Assistant Secretary for Preparedness and Response - cached,http://www.phe.gov/Preparedness/planning/science/Documents/AccessPlan.pdf,70%,74%,81%,78%
Swedish National Space Agency - cached,https://www.rymdstyrelsen.se/contentassets/4e7109961dbf4b5abd71c40914e060db/research-calls-in-spring-2019.pdf,-,94%,93%,92%
Coalition for Epidemic Preparedness Innovations - cached,https://cepi.net/wp-content/uploads/2019/03/CfP3-TEMPLATE-Funding-Agreement-and-Terms-and-Conditions-.docx,-,74%,91%,90%
"World Cancer Researh Fund, UK - cached",https://www.wcrf.org/sites/default/files/wcrf-grants-terms-conditions-2019.pdf,-,88%,93%,86%
"European Hematology Association, Netherlands - cached",https://ehaweb.org/assets/EHA-Research-Grants-Terms-Conditions-2020.pdf,91%,65%,86%,77%
"Action on Hearing Loss, UK - cached",/mandates/actionhearing_uk-2018-01-28.pdf,92%,91%,93%,87%
"National Centre for the Replacement, Refinement and Reduction of Animals in Research, UK - cached",https://www.nc3rs.org.uk/grant-holder-information,94%,95%,85%,94%
Marcus and Amalia Wallenberg Foundation - cached,https://maw.wallenberg.org/en/funding-guide,86%,81%,95%,86%
"Chilren's Tumor Foundation, USA - cached",https://docs.google.com/document/d/11ZxqnX8E8_boLyCd1uh364wKOktQNyBlLQoIm4vPMDM/edit,86%,83%,89%,87%
Foundation for Baltic and East European Studies - cached,https://ostersjostiftelsen.se/en/for-researchers/open-access/,74%,74%,83%,75%
"Brain Tumour Charity, UK - cached",https://assets.thebraintumourcharity.org/live/media/filer_public/3a/13/3a13c7d4-2f5d-499f-8bb5-82beef3dcb69/terms_and_conditions_of_award_for_research_grants_v8_24042015_website.pdf,90%,96%,91%,92%
"Against Breast Cancer, UK - cached",https://www.againstbreastcancer.org.uk/our-research/applying-for-grants/policy-statements/,96%,95%,83%,90%
American Brain Tumor Association - cached,https://www.abta.org/wp-content/uploads/2020/10/2021-ABTA-Policies-and-Procedures.pdf,86%,86%,92%,90%
"LUNGevity Foundation, USA - cached",https://lungevity.org/about-us/public-access-research-policy,91%,91%,87%,89%
"The Donaghue Foundation, USA - cached",https://donaghue.org/wp-content/uploads/Public-Access-Policy.pdf,78%,78%,89%,84%
"Marie Curie Cancer Care, UK - cached",https://www.mariecurie.org.uk/globalassets/media/documents/research/funding-for-research/marie-curie-oa-policy-2020.pdf,95%,97%,92%,94%
Austrian Partnership Programme in Higher Education & Research for Development - cached,https://appear.at/en/implementation/open-access/,77%,88%,89%,85%
Wikimedia Foundation - cached,https://foundation.wikimedia.org/wiki/Open_access_policy,94%,86%,77%,86%
"British Orthopaedic Association, UK - cached",https://www.boa.ac.uk/uploads/assets/2386bdbf-f65c-4fff-80fa27aa33e6e678/boa-grant-terms-and-conditions.pdf,79%,79%,55%,77%
"Vienna Science and Technology Fund, Austria - cached",https://www.wwtf.at/upload/WWTF_Open_Access_Policy_EN.pdf,93%,92%,92%,92%
"National Environment Agency, Singapore - cached",https://www.nea.gov.sg/docs/default-source/envision/tncs-for-competitive-grants-(uss-if).pdf,51%,59%,50%,56%
MQ Mental Health Research - cached,https://www.mqmentalhealth.org/wp-content/uploads/2020-MQ-Open-Access-Policy.pdf,-,100%,94%,89%
"Brain Research, UK - cached",https://uploads-ssl.webflow.com/5d03644bbebda845c6bba4d1/5fa12e3fa80d2cf9b522a312_BRUK%20project%20grant%20terms%20and%20conditions%20April%202020.pdf,-,-,95%,93%
"Ministry of Science and Higher Education, Ethiopia - cached",https://nadre.ethernet.edu.et/record/4193/files/Ethiopia%20National%20OA%20Policy.pdf?download=1,-,71%,77%,78%
"Autism Science Foundation, USA - cached",https://autismsciencefoundation.org/resources/resources-for-grantees/standard-forms-templates/,93%,82%,91%,85%
"Lung Cancer Research Foundation, USA - cached",/mandates/lrcf_us-2021-02-13.pdf,-,94%,93%,90%
"Children’s Cancer and Leukaemia Group, UK - cached",https://www.cclg.org.uk/write/MediaUploads/Research/Documents/CCLG_Grant_Terms_and_Conditions_-_November_2016.pdf,75%,93%,88%,88%
"Alberta Conservation Association, Canada - cached",https://www.ab-conservation.com/grants/grants-in-biodiversity/recipients/,-,-,74%,76%
ME Research UK - cached,https://www.meresearch.org.uk/wp-content/uploads/2021/07/Standard-Grant-Conditions-2021.pdf,80%,100%,78%,74%
"Aligning Science Across Parksinson's, USA - cached",https://parkinsonsroadmap.org/open-access-policy/,-,-,88%,84%
"Jules Thorn Trust, UK - cached",https://julesthorntrust.org.uk/wp-content/uploads/2019/04/SJTCT-Open-Access-Publishing-Policy.pdf,-,91%,100%,93%
Prostate Cancer UK - cached,https://prostatecanceruk.org/research/for-researchers/for-grant-holders,93%,100%,89%,88%
"Myrovlytis Trust, UK - cached",https://www.myrovlytistrust.org/wp-content/uploads/2011/06/Open-Access-Policy-20122.pdf,100%,100%,100%,95%
Berit Wallenberg Foundation - cached,https://bws.wallenberg.org/anslagsguide,84%,90%,89%,80%
"Tuberous Sclerosis Alliance, USA - cached",https://www.tsalliance.org/wp-content/uploads/2019/03/TS-Alliance-Open-Science-Policy-Approved.pdf,-,82%,88%,81%
"National Health Innovation Centre, Singapore - cached",https://nhic.sg/web/images/NHIC/documents/NRFCentralGap/IE_Terms_and_Conditions_V2.0_1.pdf,50%,69%,100%,72%
"de Beaumont Foundation, USA - cached",https://debeaumont.org/wp-content/uploads/2019/05/Grant-Policies-and-Procedures-2017.pdf,82%,80%,75%,73%
International FOP Association - cached,https://www.ifopa.org/tags/research_page,78%,100%,67%,85%
"Target Ovarian Cancer, UK - cached",https://targetovariancancer.org.uk/research/our-policies,100%,100%,100%,95%
Huntington Society of Cansda - cached,https://www.huntingtonsociety.ca/wp-content/uploads/2021/04/NAVIGATOR-2021-Terms-of-Reference-Web.pdf,-,-,78%,90%
"Workforce Development Applied Research Fund, Singapore - cached",https://www.ial.edu.sg/content/dam/projects/tms/ial/Access-research/grants-and-schemes/wdarf-grant-call/2018_WDARF_AdminGuidelines_20180118_RID_Final04.pdf,-,100%,50%,67%
Siegel Rare Neuroimmune Association - cached,https://wearesrna.org/apply-to-srnas-progress-grant-for-nmosd/,-,-,50%,60%
"The Carbon Community, UK - cached",https://uploads-ssl.webflow.com/5e42f831066ef3035495488d/5e7919c81a9028a00203bac6_tcc_research_award_conditions.pdf,-,-,100%,100%
"Human Milk Foundation, UK - cached",https://humanmilkfoundation.org/research-terms-and-conditions/,-,-,100%,100%
Swedish-Norwegian Foundation for Equine Research - cached,https://hastnaringen.se/app/uploads/sites/5/2019/03/handbookshf-190328.pdf,-,100%,50%,67%
Citizen’s United for Research in Epilepsy - cached,https://www.cureepilepsy.org/wp-content/uploads/2019/09/CURE-Grant-Policy.pdf,-,-,33%,33%
,,,,,
